math_score,physics_score,chemistry_score,study_time,level
78,60,44,0.7,Bon
63,42,50,2.4,Moyen
74,53,41,1.8,Moyen
43,81,53,2.7,Moyen
78,78,96,0.5,Excellent
26,55,61,2.7,Moyen
68,82,97,1.9,Excellent
43,21,29,3.2,Faible
92,46,32,2.7,Moyen
94,36,78,1.6,Bon
77,96,50,2.3,Bon
44,68,50,3.3,Moyen
52,73,99,2.6,Bon
25,92,78,0.9,Bon
89,100,91,2.0,Excellent
67,38,92,1.7,Bon
49,40,66,3.5,Moyen
84,36,74,1.2,Bon
66,53,93,4.8,Bon
87,37,40,4.7,Moyen
75,41,89,3.1,Bon
57,54,89,1.8,Bon
52,80,37,4.7,Moyen
88,53,87,2.6,Bon
63,54,27,3.2,Moyen
95,68,99,1.5,Excellent
36,26,73,3.1,Moyen
33,21,81,2.5,Moyen
60,64,95,3.9,Bon
99,24,51,2.8,Moyen
92,89,80,2.3,Excellent
45,70,59,3.9,Moyen
82,50,86,3.3,Bon
22,84,37,1.6,Moyen
21,68,76,1.9,Moyen
96,59,70,1.7,Bon
26,21,43,2.7,Faible
46,39,85,0.9,Moyen
78,91,22,3.0,Bon
26,20,51,1.1,Faible
100,58,75,4.0,Bon
60,79,48,2.4,Bon
52,69,86,0.9,Bon
28,40,91,0.7,Moyen
96,67,60,1.7,Bon
53,77,76,0.8,Bon
99,88,57,1.2,Excellent
28,98,48,3.3,Moyen
83,27,53,1.6,Moyen
50,66,65,1.2,Bon
56,56,64,0.9,Moyen
71,23,98,3.3,Bon
82,60,95,0.8,Bon
37,76,81,3.2,Bon
38,35,79,3.1,Moyen
66,24,27,2.1,Faible
56,43,83,3.3,Bon
24,59,47,3.4,Faible
65,81,93,2.5,Bon
36,79,76,3.6,Bon
59,37,44,2.7,Moyen
99,33,50,3.5,Bon
77,60,32,2.0,Moyen
29,90,42,2.2,Moyen
84,28,87,3.1,Bon
75,75,64,2.3,Bon
71,59,47,1.3,Moyen
86,71,39,3.1,Bon
84,24,21,1.7,Faible
79,88,29,4.8,Bon
30,71,100,1.7,Bon
42,91,96,3.3,Bon
91,23,85,2.0,Bon
55,94,86,3.2,Bon
83,67,34,0.8,Bon
54,71,93,4.8,Bon
86,71,35,2.1,Bon
43,69,89,4.2,Bon
53,65,76,3.9,Bon
71,73,79,2.6,Bon
87,64,25,0.9,Moyen
65,75,89,3.6,Bon
79,38,30,2.5,Moyen
78,39,51,4.4,Moyen
88,26,34,0.6,Moyen
33,66,43,3.8,Moyen
74,32,57,1.9,Moyen
67,59,50,3.8,Moyen
34,75,71,3.7,Bon
24,52,66,2.8,Moyen
79,75,71,1.2,Bon
32,28,29,1.1,Faible
62,47,23,1.6,Faible
25,90,57,2.9,Moyen
45,20,80,3.3,Moyen
60,25,43,4.9,Faible
54,20,55,2.0,Faible
89,37,32,2.6,Moyen
78,56,76,1.9,Bon
89,92,41,4.4,Bon
55,66,34,1.9,Moyen
42,29,33,0.8,Faible
33,82,29,1.6,Moyen
60,51,44,2.7,Moyen
77,28,62,4.4,Moyen
42,82,76,2.0,Bon
100,39,79,3.5,Bon
92,34,74,4.0,Bon
34,63,96,2.7,Bon
91,92,55,0.9,Bon
91,22,28,3.9,Moyen
38,91,36,3.9,Moyen
52,45,85,1.5,Bon
90,70,34,2.3,Bon
70,70,96,2.7,Bon
69,30,96,2.6,Bon
50,80,25,1.0,Moyen
66,49,96,1.8,Bon
64,77,69,1.4,Bon
56,68,49,2.1,Moyen
21,89,94,3.9,Bon
59,54,25,2.6,Moyen
26,86,64,0.6,Moyen
21,46,22,2.9,Faible
53,92,60,3.2,Bon
85,78,64,3.3,Bon
53,56,64,4.3,Moyen
40,39,72,3.0,Moyen
30,94,25,3.6,Moyen
48,40,76,0.6,Moyen
62,81,69,4.5,Bon
39,61,100,1.2,Bon
41,50,61,3.1,Moyen
76,66,95,4.9,Bon
58,38,53,4.2,Moyen
31,85,20,2.6,Moyen
92,38,94,2.2,Bon
27,55,69,1.0,Moyen
28,47,96,2.0,Moyen
65,50,31,3.0,Moyen
86,62,76,2.4,Bon
42,61,50,3.6,Moyen
27,70,37,1.1,Faible
78,35,86,3.8,Bon
38,65,86,2.2,Bon
49,28,92,2.3,Moyen
64,35,27,1.3,Faible
70,83,58,2.5,Bon
71,77,91,3.6,Bon
76,79,72,0.9,Bon
58,50,37,1.2,Moyen
53,100,95,1.4,Excellent
70,73,62,2.6,Bon
84,71,63,2.9,Bon
88,39,88,4.5,Bon
44,83,38,2.2,Moyen
61,73,100,2.9,Bon
74,38,45,3.4,Moyen
89,41,77,3.1,Bon
100,87,71,4.1,Excellent
33,37,87,1.8,Moyen
25,91,59,5.0,Moyen
75,49,90,0.7,Bon
92,58,41,3.7,Bon
77,90,72,4.1,Bon
98,61,40,4.9,Bon
82,98,95,4.5,Excellent
82,30,33,1.5,Moyen
26,72,27,3.8,Faible
95,40,53,2.4,Bon
51,58,55,1.5,Moyen
50,22,92,4.7,Moyen
79,30,87,1.7,Bon
55,41,74,1.1,Moyen
86,97,43,3.1,Bon
80,94,74,2.5,Excellent
88,66,67,3.0,Bon
57,67,41,2.3,Moyen
65,43,28,2.0,Moyen
62,52,20,3.6,Faible
53,99,93,1.5,Excellent
45,46,27,1.5,Faible
61,34,88,2.2,Bon
82,47,76,2.4,Bon
86,39,67,0.5,Bon
52,55,69,3.9,Moyen
28,42,25,3.7,Faible
80,73,91,3.8,Excellent
85,66,67,0.7,Bon
25,98,29,4.9,Moyen
54,90,38,1.6,Bon
82,24,32,4.2,Moyen
63,47,69,4.3,Moyen
32,30,20,0.9,Faible
65,23,71,0.9,Moyen
37,32,56,1.4,Faible
39,74,52,4.0,Moyen
21,40,54,2.9,Faible
45,99,88,1.2,Bon
39,23,66,2.2,Faible
28,88,30,0.8,Moyen
24,77,45,0.8,Moyen
57,84,68,2.6,Bon
44,91,34,1.9,Moyen
32,64,98,4.3,Bon
67,85,42,1.1,Bon
87,59,94,0.6,Excellent
98,41,34,1.1,Moyen
53,99,96,3.9,Excellent
72,26,81,3.7,Moyen
95,78,93,3.8,Excellent
90,23,91,1.1,Bon
75,33,35,0.8,Moyen
78,56,88,1.5,Bon
51,35,84,1.2,Moyen
42,63,87,3.8,Bon
62,85,77,4.7,Bon
34,50,57,3.4,Moyen
87,64,40,0.6,Bon
41,97,94,3.7,Bon
73,45,35,3.6,Moyen
48,83,81,0.5,Bon
47,65,45,3.0,Moyen
84,70,31,1.5,Bon
43,42,29,2.1,Faible
40,64,50,0.7,Moyen
66,74,31,1.3,Moyen
28,25,39,3.3,Faible
81,96,66,2.0,Excellent
21,40,76,1.1,Moyen
54,37,78,4.8,Moyen
78,37,79,4.3,Bon
22,55,28,1.6,Faible
27,39,30,3.2,Faible
93,57,94,4.4,Excellent
46,86,87,4.0,Bon
83,92,73,3.6,Excellent
46,59,75,2.6,Bon
48,23,46,4.6,Faible
100,50,75,4.5,Bon
22,38,98,1.7,Moyen
87,28,20,3.8,Moyen
53,58,32,3.4,Moyen
85,23,45,1.7,Moyen
36,69,85,2.5,Bon
96,89,99,1.7,Excellent
28,41,39,0.9,Faible
37,43,74,2.4,Moyen
67,99,93,4.1,Excellent
63,43,97,3.9,Bon
60,30,49,2.5,Moyen
71,28,92,2.2,Bon
29,40,32,1.7,Faible
38,30,29,1.4,Faible
55,85,60,2.5,Bon
56,93,72,2.1,Bon
57,100,39,4.9,Bon
67,35,66,2.7,Moyen
46,35,94,1.7,Moyen
30,50,44,3.4,Faible
94,98,52,4.0,Excellent
31,60,86,0.9,Moyen
55,74,57,1.6,Bon
75,50,96,1.3,Bon
70,27,73,0.7,Moyen
100,69,86,4.8,Excellent
99,52,22,3.2,Moyen
20,62,35,2.2,Faible
61,51,64,3.3,Moyen
76,97,66,0.6,Bon
36,35,39,2.1,Faible
29,27,42,3.9,Faible
47,33,29,0.9,Faible
35,59,66,4.3,Moyen
38,61,21,3.6,Faible
85,32,70,3.0,Bon
51,95,44,2.1,Bon
65,42,37,4.3,Moyen
74,79,65,1.4,Bon
34,84,77,3.4,Bon
74,98,90,0.6,Excellent
35,79,69,3.1,Bon
47,36,71,4.2,Moyen
47,89,34,3.2,Moyen
90,26,31,2.0,Moyen
41,30,74,1.2,Moyen
96,74,39,1.1,Bon
37,68,32,2.8,Moyen
98,79,95,0.5,Excellent
66,46,60,3.6,Moyen
27,23,62,3.4,Faible
43,84,83,2.9,Bon
75,51,51,4.1,Moyen
82,28,56,4.1,Moyen
43,41,38,0.7,Faible
98,51,71,2.1,Bon
67,38,75,3.2,Bon
56,73,62,1.3,Bon
69,93,20,1.3,Bon
45,74,27,3.8,Moyen
68,27,99,3.2,Bon
40,35,83,1.7,Moyen
26,57,46,3.8,Faible
75,52,69,2.8,Bon
35,56,79,1.1,Moyen
52,88,46,1.9,Bon
48,90,46,3.9,Bon
98,50,57,4.9,Bon
50,62,75,2.7,Bon
96,33,55,1.0,Bon
80,56,94,3.0,Bon
42,23,31,3.9,Faible
54,99,68,4.7,Bon
36,69,42,3.1,Moyen
53,85,50,0.9,Bon
87,91,58,1.0,Bon
96,25,88,4.6,Bon
84,67,24,1.7,Moyen
70,91,43,1.3,Bon
28,36,29,1.6,Faible
46,88,40,3.9,Moyen
27,88,90,4.7,Bon
94,100,68,3.0,Excellent
43,60,86,1.2,Bon
94,58,98,2.7,Excellent
35,40,57,1.2,Faible
48,37,25,4.4,Faible
32,32,93,4.2,Moyen
33,49,26,2.3,Faible
91,77,89,2.0,Excellent
63,45,55,4.8,Moyen
47,39,93,2.5,Moyen
34,23,45,4.8,Faible
80,91,25,2.5,Bon
57,78,68,3.5,Bon
62,35,24,4.5,Faible
79,42,67,3.2,Bon
73,27,30,4.6,Faible
85,73,35,3.9,Bon
59,87,88,4.2,Bon
100,25,92,1.6,Bon
65,73,26,1.0,Moyen
54,71,47,4.1,Moyen
65,52,20,0.9,Moyen
79,82,80,3.5,Excellent
83,90,43,4.4,Bon
47,84,56,2.7,Bon
29,26,69,1.1,Faible
20,33,64,1.0,Faible
83,60,71,1.2,Bon
83,82,35,5.0,Bon
58,75,96,4.5,Bon
64,61,78,1.3,Bon
85,78,46,0.7,Bon
100,79,53,3.4,Bon
43,90,76,3.9,Bon
45,49,95,3.6,Bon
93,94,49,2.7,Bon
71,61,24,4.9,Moyen
69,43,36,3.5,Moyen
84,38,93,2.0,Bon
70,47,64,3.8,Bon
97,63,43,3.3,Bon
21,61,98,4.5,Bon
53,56,53,1.2,Moyen
22,73,26,3.0,Faible
98,45,53,0.7,Bon
20,60,46,2.2,Faible
96,84,60,4.6,Excellent
62,65,54,2.3,Bon
75,89,36,5.0,Bon
25,39,86,1.1,Moyen
59,95,96,1.8,Excellent
64,37,39,0.8,Moyen
82,46,27,4.5,Moyen
89,77,24,1.6,Bon
58,76,41,3.2,Moyen
80,88,79,3.4,Excellent
24,87,83,3.5,Bon
59,93,47,2.2,Bon
52,76,62,3.3,Bon
55,87,67,1.6,Bon
33,83,40,3.0,Moyen
36,21,91,1.6,Moyen
25,44,36,4.5,Faible
76,63,93,2.6,Bon
28,100,41,1.0,Moyen
41,99,53,2.2,Bon
94,27,96,0.5,Bon
21,42,20,3.8,Faible
73,78,30,2.5,Bon
36,71,36,1.3,Moyen
48,34,86,0.6,Moyen
43,20,76,2.4,Moyen
67,23,26,4.5,Faible
60,41,74,4.0,Moyen
95,43,75,3.4,Bon
65,75,21,2.8,Moyen
77,49,24,0.6,Moyen
54,62,47,4.7,Moyen
85,72,41,4.4,Bon
53,26,71,3.0,Moyen
65,88,98,2.1,Excellent
56,32,83,3.9,Moyen
76,25,55,2.7,Moyen
48,27,30,3.3,Faible
24,25,93,1.5,Moyen
54,30,27,1.0,Faible
88,93,63,0.9,Excellent
36,87,85,4.6,Bon
52,41,55,2.2,Moyen
38,23,71,2.7,Faible
33,91,37,1.3,Moyen
40,95,69,3.8,Bon
74,30,31,1.3,Moyen
48,36,89,3.0,Moyen
83,30,55,0.6,Moyen
22,53,26,1.5,Faible
93,97,69,5.0,Excellent
62,41,26,4.7,Faible
96,30,56,1.3,Bon
53,56,49,2.6,Moyen
99,46,75,4.5,Bon
71,32,97,0.8,Bon
25,52,96,4.3,Moyen
53,22,98,3.7,Moyen
63,88,39,4.6,Bon
84,57,38,2.1,Moyen
98,42,42,0.6,Bon
47,82,75,4.7,Bon
84,88,63,3.6,Bon
50,55,66,3.0,Moyen
46,46,82,4.9,Moyen
44,55,94,2.7,Bon
89,76,40,2.6,Bon
74,78,36,3.8,Bon
81,43,69,4.1,Bon
38,88,37,0.7,Moyen
66,58,49,1.1,Moyen
29,86,51,4.4,Moyen
84,98,93,1.9,Excellent
71,92,93,1.5,Excellent
27,65,83,4.5,Moyen
80,78,71,4.0,Bon
94,65,78,4.0,Bon
44,51,24,2.1,Faible
48,49,35,0.9,Faible
85,62,49,3.8,Bon
89,73,26,2.4,Bon
71,54,79,1.8,Bon
38,60,69,2.2,Moyen
37,29,51,2.1,Faible
44,70,96,1.2,Bon
45,83,50,3.6,Moyen
62,42,52,1.4,Moyen
74,61,34,1.8,Moyen
29,95,45,0.6,Moyen
57,47,30,4.7,Faible
94,33,77,4.4,Bon
87,34,97,1.4,Bon
48,64,50,1.3,Moyen
70,76,71,0.9,Bon
45,67,44,4.9,Moyen
76,39,29,2.7,Moyen
41,94,72,2.0,Bon
51,71,39,2.6,Moyen
63,30,30,4.6,Faible
77,28,47,3.2,Moyen
79,77,93,2.5,Excellent
21,86,82,2.2,Bon
46,96,60,3.8,Bon
53,73,29,0.9,Moyen
35,26,26,4.4,Faible
51,86,80,4.8,Bon
49,100,54,1.0,Bon
66,100,33,0.8,Bon
25,95,88,0.9,Bon
47,94,68,3.0,Bon
50,98,45,0.6,Bon
38,73,31,3.9,Moyen
33,25,76,2.2,Faible
81,45,23,4.0,Moyen
42,21,79,4.9,Moyen
46,22,39,2.7,Faible
68,83,34,3.2,Bon
80,95,84,3.8,Excellent
33,93,43,1.4,Moyen
84,97,24,4.0,Bon
88,31,67,1.0,Bon
21,34,37,0.7,Faible
78,72,43,4.8,Bon
94,26,79,4.4,Bon
58,73,95,4.3,Bon
20,56,76,1.6,Moyen
38,22,33,3.3,Faible
59,62,68,3.2,Bon
25,47,45,2.1,Faible
78,88,57,4.6,Bon
76,95,71,3.0,Excellent
20,59,71,2.9,Moyen
